/*
Navicat MySQL Data Transfer

Source Server         : 127.0.0.1
Source Server Version : 50505
Source Host           : 127.0.0.1:3306
Source Database       : web_berita

Target Server Type    : MYSQL
Target Server Version : 50505
File Encoding         : 65001

Date: 2018-07-01 23:45:48
*/

SET FOREIGN_KEY_CHECKS=0;
-- ----------------------------
-- Table structure for `category`
-- ----------------------------
DROP TABLE IF EXISTS `category`;
CREATE TABLE `category` (
  `category_id` int(5) unsigned NOT NULL AUTO_INCREMENT,
  `category_name` varchar(50) NOT NULL,
  `category_seo` varchar(255) NOT NULL,
  PRIMARY KEY (`category_id`)
) ENGINE=InnoDB AUTO_INCREMENT=8 DEFAULT CHARSET=utf8;

-- ----------------------------
-- Records of category
-- ----------------------------
INSERT INTO `category` VALUES ('1', 'Info Grafis', 'info-grafis');
INSERT INTO `category` VALUES ('2', 'Berita', 'berita');
INSERT INTO `category` VALUES ('3', 'Media Video', 'media-video');
INSERT INTO `category` VALUES ('4', 'Media Foto', 'media-foto');
INSERT INTO `category` VALUES ('5', 'Your Story', 'your-story');
INSERT INTO `category` VALUES ('6', 'Hoax or Not', 'hoax-or-not');
INSERT INTO `category` VALUES ('7', 'Focus Group Discussion', 'focus-group-discussion');

-- ----------------------------
-- Table structure for `comments`
-- ----------------------------
DROP TABLE IF EXISTS `comments`;
CREATE TABLE `comments` (
  `comment_id` bigint(20) unsigned NOT NULL AUTO_INCREMENT,
  `comment_post_id` bigint(20) unsigned NOT NULL DEFAULT '0',
  `comment_author` tinytext NOT NULL,
  `comment_author_email` varchar(100) NOT NULL DEFAULT '',
  `comment_subject` varchar(200) NOT NULL DEFAULT '',
  `comment_content` text NOT NULL,
  `comment_date` datetime NOT NULL DEFAULT '0000-00-00 00:00:00',
  PRIMARY KEY (`comment_id`),
  KEY `comment_post_ID` (`comment_post_id`),
  KEY `comment_author_email` (`comment_author_email`(10))
) ENGINE=InnoDB AUTO_INCREMENT=3 DEFAULT CHARSET=utf8;

-- ----------------------------
-- Records of comments
-- ----------------------------
INSERT INTO `comments` VALUES ('1', '1', 'Seorang Komentator WordPress', 'wapuu@wordpress.example', 'https://wordpress.org/', 'Hai, ini sebuah komentar.\nUntuk mulai memoderasi, mengedit, dan menghapus komentar, silakan kunjungi laman Komentar di dasbor.\nAvatar komentator diambil dari <a href=\"https://gravatar.com\">Gravatar</a>.', '2018-01-29 19:19:19');
INSERT INTO `comments` VALUES ('2', '4', 'Ramelo', 'ramelo@mail.com', 'Comment Comment', 'Array is comment', '2018-02-12 10:54:04');

-- ----------------------------
-- Table structure for `groups`
-- ----------------------------
DROP TABLE IF EXISTS `groups`;
CREATE TABLE `groups` (
  `id` mediumint(8) unsigned NOT NULL AUTO_INCREMENT,
  `name` varchar(20) NOT NULL,
  `description` varchar(100) NOT NULL,
  PRIMARY KEY (`id`)
) ENGINE=InnoDB AUTO_INCREMENT=5 DEFAULT CHARSET=utf8;

-- ----------------------------
-- Records of groups
-- ----------------------------
INSERT INTO `groups` VALUES ('1', 'admin', 'Administrator');
INSERT INTO `groups` VALUES ('2', 'contributor', 'Contributor');
INSERT INTO `groups` VALUES ('3', 'editor', 'Editor');
INSERT INTO `groups` VALUES ('4', 'author', 'Author');

-- ----------------------------
-- Table structure for `login_attempts`
-- ----------------------------
DROP TABLE IF EXISTS `login_attempts`;
CREATE TABLE `login_attempts` (
  `id` int(11) unsigned NOT NULL AUTO_INCREMENT,
  `ip_address` varchar(15) NOT NULL,
  `login` varchar(100) NOT NULL,
  `time` int(11) unsigned DEFAULT NULL,
  PRIMARY KEY (`id`)
) ENGINE=InnoDB AUTO_INCREMENT=3 DEFAULT CHARSET=utf8;

-- ----------------------------
-- Records of login_attempts
-- ----------------------------
INSERT INTO `login_attempts` VALUES ('1', '127.0.0.1', 'mildlaser3@gmail.com', '1527775472');
INSERT INTO `login_attempts` VALUES ('2', '127.0.0.1', 'mildlaser3@gmail.com', '1527775482');

-- ----------------------------
-- Table structure for `news`
-- ----------------------------
DROP TABLE IF EXISTS `news`;
CREATE TABLE `news` (
  `news_id` bigint(10) unsigned NOT NULL AUTO_INCREMENT,
  `category_id` int(5) NOT NULL,
  `news_title` varchar(255) NOT NULL,
  `news_headline` varchar(200) NOT NULL,
  `news_seo` varchar(255) NOT NULL,
  `news_content` longtext NOT NULL,
  `news_picture` varchar(100) NOT NULL,
  `news_status` enum('Draft','Publish') NOT NULL DEFAULT 'Draft',
  `news_postdate` datetime NOT NULL,
  `news_postby` int(5) NOT NULL,
  `news_view` int(5) NOT NULL,
  `media` enum('HOAX or NOT','INFO GRAFIS','NEWS','VIDEO','FGD','YOUR STORY') NOT NULL,
  `status` enum('Active','Inactive') NOT NULL DEFAULT 'Inactive',
  PRIMARY KEY (`news_id`)
) ENGINE=InnoDB AUTO_INCREMENT=52 DEFAULT CHARSET=utf8;

-- ----------------------------
-- Records of news
-- ----------------------------
INSERT INTO `news` VALUES ('1', '1', 'Joko Widodo', '', 'joko-widodo', '<p>Lahir Surakarta, Kota Surakarta, Jawa Tengah, Indonesia, 21 Juni 1961 ProfesiPresiden RI (2014 - 2019) Karier</p>\r\n<ul>\r\n<li>Direktur Rakabu</li>\r\n<li>Walikota Kotamadya Surakarta</li>\r\n<li>Gubernur Pemerintah Provinsi Daerah Khusus Ibukota Jakarta</li>\r\n<li>Presiden RI (2014-2019)</li>\r\n</ul>\r\n<p>Pendidikan</p>\r\n<ul>\r\n<li>Fakultas Kehutanan Universitas Gajah Mada (1980-1985)</li>\r\n</ul>\r\n<p>Joko Widodo alias Jokowi adalah Presiden Republik Indonesia sejak 20 Oktober 2014. Dalam Pemilihan Presiden, Jokowi berpasangan dengan Jusuf Kalla sebagai Calon Wakil Presiden, berhasil mengalahkan pasangan Prabowo-Hatta Rajasa. Pemerintahan Jokowi terkenal dengan konsep Revolusi Mental-nya.</p>\r\n<p>Di masa pemerintahannya&nbsp;pula&nbsp;Jokowi berusaha mencari dana bantuan pembangunan banyak proyek infrastruktur di tengah melambatnya perekonomian Indonesia. Di masa pemerintahan Jokowi, banyak proyek yang melibatkan Republik Rakyat Cina&nbsp;masuk ke Indonesia.</p>\r\n<p>Sebagai Presiden Jokowi banyak mendapat kritik. Diantaranya dengan masuknya orang-orang dekat Megawati Soekarnoputri ke dalam pemerintahan. Termasuk anak Megawati, Puan Maharani sebagai&nbsp;Menteri PSDM. Hingga Jokowi dianggap sebagai \'Petugas Partai\', karena Jokowi adalah kader Partai Demokrasi Indonesia Perjuangan (PDIP). Sebagian pihak menilai, popularitas Jokowi sebagai pejabat yang sukses telah membantu PDIP memperoleh banyak suara dalam Pemilu legislatif 2014.&nbsp;</p>\r\n<p>Jokowi muda pernah kuliah di Ilmu Kehutanan Universitas Gadjah Mada hingga lulus tahun 1985. Ketika muda, dia pernah bekerja di BUMN PT Kertas Kraft Aceh. Dia&nbsp;ditempatkan di area Hutan Pinus Merkusi di Dataran Tinggi Gayo, Aceh Tengah. Jokowi&nbsp;merasa tidak betah dan pulang menyusul istrinya yang sedang hamil tujuh bulan.</p>\r\n<p>Di kampung halamannya, dia mulai&nbsp;berbisnis di bidang perkayuan. Dimulai dengan&nbsp;ikut membantu&nbsp;usaha milik pamannya, Miyono, di bawah bendera CV Roda Jati. Tahun 1988, ia memberanikan diri membuka usaha sendiri dengan nama CV Rakabu, nama usaha ini&nbsp;diambil dari nama anak pertamanya. Usahanya sempat berjaya. Sempat juga jatuh&nbsp;&nbsp;karena tertipu pesanan yang tidak dibayar.&nbsp;Pada 1990 ia bangkit kembali dengan pinjaman modal Rp 30 juta dari Ibunya.&nbsp;Jokowi sukses sebagai pengusaha mebel. Dia bahkan sudah mengunjungi negara-negara yang dianggap bagus dalam tata kota. &nbsp;</p>\r\n<p>Dalam Pemilihan Kepala Daerah (Pilkada) 2005, Jokowi yang diusung oleh Partai Demokrasi Indonesia Perjuangan (PDI-P) dan Partai Kebangkitan Bangsa (PKB), terpilih sebagai Walikota Surakarta.&nbsp;Di bawah kepemimpinannya, Solo mengalami perubahan. Jokowi dianggap sukses merelokasi sebuah Pasar tanpa terjadi kekerasan.</p>\r\n<p>Setelah dianggap sukses jadi walikota Solo, Jokowi maju menjadi Pemilihan Gubernur Jakarta pada 2012. Bersama Basuki Tjahaja Purnama alias Ahok, Jokowi berhasil jadi Gubernur Jakarta dan Ahok menjadi Wakil Gubernur Jakarta.</p>\r\n<p>Popularitas Jokowi makin meningkat dengan aksi blusukan ke banyak proyek yang tersebar di Jakarta, meski banyak juga yang menganggapnya sebagai \'pencitraan\'. Tahun 2014, Jokowi maju mencalonkan diri sebagai presiden dan berhasil. Selama pemerintahannya, Jokowi memilih tinggal di Istana Negara dan sesekali di Istana Bogor.</p>', '1526179616.JPG', 'Publish', '2018-04-08 10:19:53', '2', '21', 'INFO GRAFIS', 'Inactive');
INSERT INTO `news` VALUES ('2', '2', 'Massimiliano Allegri: Juventus Belum ', '', 'massimiliano-allegri-juventus-belum', '<p>Massimiliano Allegri menegaskan bahwa petualangan Juventus di Liga Champions belumlah tamat. Misi luar biasa sulit bakal dilakoni Juventus dalam lawatannya ke Santiago Bernabeu markas Real Madrid, pada leg kedua babak perempat-final Liga Champions tengah pekan esok.<br /><br />Kekalahan telak 3-0 yang ditelan di J Stadium, memaksa I Bianconeri minimal harus menang 4-0 atau 4-1 untuk bisa lolos ke babak semi-final. Meski begitu para penggawanya ternyata masih belum menyerah.<br /><br />Hal itu juga didengungkan oleh pelatih Juve, Massimiliano Allegri. Dia menegaskan bahwa timnya memang terjatuh di leg pertama, tapi mereka belum mati dan akan berjuang sekuat tenaga untuk lolos di leg kedua esok.</p>\r\n<p>&nbsp;</p>\r\n<p>\"Sepakbola memang seperti itu. Kami mendapat lebih banyak tekanan melawan Barca musim lalu, tapi kami menang tiga gol tanpa balas. Kali ini kami tampil lebih baik ketimbang di Cardiff, tapi kami kalah tiga gol tanpa balas dari Madrid,\" buka Allegri, seperti dikutip Goal Italia.<br /><br />\"Tidak ada gunanya menangisi kekalahan lalu, karena kami sekarang harus fokus pada Serie A Italia, Coppa Italia, dan Liga Champions. Untuk kompetisi terakhir itu, kami harus tampilkan performa luar biasa untuk lolos. Kami memang terluka, tapi kami belum mati!<br /><br />\"Namun fokus sekarang adalah duel di kandang Benevento. Kemenangan wajib kami raih karena penting untuk terus menjaga jarak dengan Napoli yang menguntit kami [dari posisi kedua],\" tandasnya.</p>', 'news_1526177308.jpg', 'Publish', '2018-04-08 11:32:44', '2', '19', 'NEWS', 'Active');
INSERT INTO `news` VALUES ('3', '2', 'Kutip Hasta Brata, Mahfud Dukung Jokowi yang Minta Rakyat Optimistis', '', 'kutip-hasta-brata-mahfud-dukung-jokowi-yang-minta-rakyat-optimistis', '<p><strong>MATARAM, KOMPAS.com</strong> - Mantan Ketua Mahkamah Konstitusi Mahfud MD mengapresiasi pidato Presiden Joko Widodo yang meminta pemimpin di Indonesia untuk tidak pesimistis menghadapi tantangan.</p>\r\n<p>Mahfud setuju dengan Jokowi yang tegas meminta pemimpin tidak membuat rakyat takut dan pesimistis.</p>\r\n<p>Apalagi, menurut Mahfud, Indonesia memiliki warisan budaya kepemimpinan Hasta Brata. Delapan pedoman kepemimpinan khas Jawa itu juga dinilai sesuai dengan semangat Pancasila.</p>\r\n<p>\"Delapan pedoman kepemimpinan Pancasila itu sebagai modal bagi seorang pemimpin agar selalu optimistis dan tidak membuat rakyat pesimistis,\" kata Mahfud, usai menjadi pembicara di Universitas Mataram (Unram), Sabtu (7/4/2018) malam. (Baca juga: Presiden Jokowi: Jangan Bicara Pesimis 2030 Bubar!)</p>\r\n<p>Mahfud menjelaskan, dalam Hasta Brata dikenal istilah seperti surya, chandra, buana, kartika. Arti istilah itu adalah pemimpin harus seperti matahari (surya) yang menyinari, seperti bulan (chandra) yang lembut terhadap rakyat, seperti bintang (kartika) yang mengarahkan, serta memiliki sifat lapang dada (buana). \"Jangan membuat rakyat pesimis. Justru yang menakutkan itu harus disembunyikan agar rakyat itu selalu optimis,\" kata Mahfud. Mahfud mengatakan, pidato Jokowi dalam Konvensi Nasional 2018 yang digelar kelompok relawan di Bogor, Jawa Barat, sangat penting dan beralasan untuk dikemukakan saat ini.</p>\r\n<p>\"Karena ada tokoh-tokoh lain yang tampaknya membuat pernyataan yang lebih bersifat pesimistis di tengah tengah masyarakat. Oleh sebab itu, sudah tepat Presiden dan kita semua menyatakan optimistis,\" ucap Mahfud.<br style=\"box-sizing: border-box; color: #2a2a2a; font-family: Roboto, sans-serif; font-size: 14px; font-style: normal; font-variant-ligatures: normal; font-variant-caps: normal; font-weight: 400; letter-spacing: normal; orphans: 2; text-align: start; text-indent: 0px; text-transform: none; white-space: normal; widows: 2; word-spacing: 0px; -webkit-text-stroke-width: 0px; background-color: #ffffff; text-decoration-style: initial; text-decoration-color: initial;\" /><br style=\"box-sizing: border-box; color: #2a2a2a; font-family: Roboto, sans-serif; font-size: 14px; font-style: normal; font-variant-ligatures: normal; font-variant-caps: normal; font-weight: 400; letter-spacing: normal; orphans: 2; text-align: start; text-indent: 0px; text-transform: none; white-space: normal; widows: 2; word-spacing: 0px; -webkit-text-stroke-width: 0px; background-color: #ffffff; text-decoration-style: initial; text-decoration-color: initial;\" /><span style=\"color: #2a2a2a; font-family: Roboto, sans-serif; font-size: 14px; font-style: normal; font-variant-ligatures: normal; font-variant-caps: normal; font-weight: 400; letter-spacing: normal; orphans: 2; text-align: start; text-indent: 0px; text-transform: none; white-space: normal; widows: 2; word-spacing: 0px; -webkit-text-stroke-width: 0px; background-color: #ffffff; text-decoration-style: initial; text-decoration-color: initial; display: inline !important; float: none;\">Penulis : Kontributor Kompas TV Mataram, Fitri Rachmawati</span><br style=\"box-sizing: border-box; color: #2a2a2a; font-family: Roboto, sans-serif; font-size: 14px; font-style: normal; font-variant-ligatures: normal; font-variant-caps: normal; font-weight: 400; letter-spacing: normal; orphans: 2; text-align: start; text-indent: 0px; text-transform: none; white-space: normal; widows: 2; word-spacing: 0px; -webkit-text-stroke-width: 0px; background-color: #ffffff; text-decoration-style: initial; text-decoration-color: initial;\" /><span style=\"color: #2a2a2a; font-family: Roboto, sans-serif; font-size: 14px; font-style: normal; font-variant-ligatures: normal; font-variant-caps: normal; font-weight: 400; letter-spacing: normal; orphans: 2; text-align: start; text-indent: 0px; text-transform: none; white-space: normal; widows: 2; word-spacing: 0px; -webkit-text-stroke-width: 0px; background-color: #ffffff; text-decoration-style: initial; text-decoration-color: initial; display: inline !important; float: none;\">Editor : Bayu Galih</span></p>', 'news_1526177280.jpeg', 'Publish', '2018-04-08 11:38:52', '2', '15', 'NEWS', 'Inactive');
INSERT INTO `news` VALUES ('4', '1', 'Perbedaan RPTRA dan Taman Maju Bersama dan Taman Pintar', '', 'perbedaan-rptra-dan-taman-maju-bersama-dan-taman-pintar', '<p>Pemprov DKI Jakarta saat ini sedang mematangkan pembahasan konsep Taman Maju Bersama dan Taman Pintar. Program Taman Maju Bersama dan Taman Pintar muncul dalam Rencana Pembangunan Jangka Menengah Daerah (RPJMD) 2018-2022, yang disusun oleh Pemprov DKI Jakarta periode Anies Baswedan dan Sandiaga Uno. RPJMD tersebut tidak lagi menyebut ada program RPTRA.</p>', '1526179550.jpg', 'Publish', '2018-04-09 12:41:29', '2', '39', 'INFO GRAFIS', 'Inactive');
INSERT INTO `news` VALUES ('5', '1', 'Penipuan Travel Umrah', '', 'penipuan-travel-umrah', '<p>Penipuan yang dilakukan oleh penyedia jasa umrah First Travel bukan satu-satunya yang terjadi di Indonesia. Sebagai calon konsumen ada baiknya lebih berhati-hati dalam memilih biro perjalanan umrah.</p>', '1526179526.jpg', 'Publish', '2018-04-09 12:55:32', '2', '40', 'INFO GRAFIS', 'Inactive');
INSERT INTO `news` VALUES ('6', '1', 'Mengapa Go-Jek Tumbuh Subur di Indonesia, Tapi akan Mati di Amerika', '', 'mengapa-go-jek-tumbuh-subur-di-indonesia-tapi-akan-mati-di-amerika', '<p>&ldquo;Kalau Go-Jek didirikan di San Francisco, pasti mati (karena regulasi) dalam enam bulan,\" kata Nadiem Makarim, CEO Go-Jek.\\</p>\r\n<p>tirto.id - Pada 2006, Nadiem Makarim pulang ke Indonesia, setelah menyelesaikan studi di Brown University, Amerika Serikat&mdash;salah satu kampus tempat ia menimba ilmu selain Harvard Business School. Ia memutuskan bergabung dengan McKinsey, firma konsultasi global.</p>\r\n<p>Dari kisah yang diunggah blog resmi Harvard Business School, Nadiem lebih suka menggunakan ojek daripada menggunakan mobil operasional perusahaan. Efisiensi waktu jadi alasan Nadiem. Namun, sering berinteraksi dengan tukang ojek, ia sadar para tukang ojek bekerja tidak efisien.</p>\r\n<p>&ldquo;Tujuh puluh persen waktu kerja mereka hanya berdiam diri,&rdquo; katanya. <br /><br />Muncul sebuah ide: membuka layanan call center untuk memanggil tukang ojek. Pada 12 Oktober 2010, ide itu mulai diwujudkan dalam bentuk startup bernama Go-Jek. Di masa awal, Go-Jek hanya punya 20 driver atau pengemudi ojek.</p>', '1526179497.jpg', 'Publish', '2018-04-09 13:47:25', '2', '42', 'INFO GRAFIS', 'Inactive');
INSERT INTO `news` VALUES ('7', '2', 'Gianluigi Buffon: Wasit Tidak Punya Hati, Tapi Tempat Sampah!', '', 'gianluigi-buffon-wasit-tidak-punya-hati-tapi-tempat-sampah', '<p>Kapten Juventus mengecam habis keputusan wasit Mike Oliver menghadiahkan penalti untuk Real Madrid di ujung laga.</p>\r\n<p>Tidak hanya di dalam pertandingan, keputusan kontroversial wasit Mike Oliver membuat Gianluigi Buffon mencak-mencak selepas duel Juventus kontra Real Madrid bubar.</p>\r\n<p>Sebagaimana diketahui, Juve harus tersingkir dari Liga Champions di kaki sang juara bertahan kendati memberikan perlawanan gigih di Santiago Bernabeu, Kamis (12/4) dini hari WIB.</p>\r\n<p>Tertinggal agregat 3-0 setelah kalah telak di kandang sendiri, La Fidanzata d\'Italia mampu memimpin 3-0 pada leg kedua perempat-final di rumah Madrid dan hampir memaksakan laga berlanjut ke perpanjangan waktu.</p>\r\n<p>Sayang, usaha Juve hancur berantakan di menit-menit penghabisan. Oliver menghadiahkan penalti untuk tuan rumah menyusul pelanggaran Medhi Benatia terhadap Lucas Vazquez. Buffon protes keras sehingga dikartu merah, dan penalti dikonversi Cristiano Ronaldo untuk meloloskan El Real dengan skor agregat 4-3.</p>\r\n<p>Buffon tidak menyesali luapan amarah yang membuatnya diusir dari lapangan, justru mengecam habis keputusan wasit asal Inggris itu dan menyebut sang pengadil tak punya hati.</p>\r\n<p>\"Wasit berkualitas tidak menghancurkan mimpi sebuah tim yang telah mengerahkan segalanya di lapangan selama 90 menit. Dia ingin memainkan peran protagonis,\" kata kiper legendaris Italia itu kepada Mediaset Premium.</p>', 'news_1526177262.jpg', 'Publish', '2018-04-12 15:03:50', '2', '31', 'NEWS', 'Inactive');
INSERT INTO `news` VALUES ('8', '1', 'Sembilan Program Prioritas Nawa Cita Menuju Indonesia Hebat', '', 'sembilan-program-prioritas-nawa-cita-menuju-indonesia-hebat', '', '1526179469.jpg', 'Publish', '2018-04-16 21:51:09', '2', '82', 'INFO GRAFIS', 'Inactive');
INSERT INTO `news` VALUES ('9', '2', 'Survei Median: Elektabilitas Jokowi Naik, Prabowo Turun', 'Presiden Joko Widodo dan Ketua Umum Partai Gerindra Prabowo Subianto masih menjadi dua tokoh terkuat sebagai kandidat calon presiden pada Pemilihan Presiden 2019.', 'survei-median-elektabilitas-jokowi-naik-prabowo-turun', '<p><strong>JAKARTA, KOMPAS.com</strong> &mdash; Presiden Joko Widodo dan Ketua Umum Partai Gerindra Prabowo Subianto masih menjadi dua tokoh terkuat sebagai kandidat calon presiden pada Pemilihan Presiden 2019.</p>\r\n<p>Berdasarkan survei Media Survei Nasional (Median) yang dilakukan pada 24 Maret-6 April 2018, elektabilitas Jokowi mengalami kenaikan, sementara Prabowo menurun.</p>\r\n<p>Melalui metode semi terbuka, survei ini menanyakan kepada responden, \"Jika pemilihan presiden dilakukan saat ini, siapakah yang Anda pilih menjadi Presiden RI?\"</p>\r\n<p>Responden disodorkan 45 pilihan nama. Namun, responden juga bisa menyebutkan tokoh pilihannya jika tak ada dalam daftar 45 nama yang disediakan.</p>\r\n<p>Hasilnya, Jokowi sebagai petahana memimpin dengan 36,2 persen. Prabowo menjadi penantang terkuatnya dengan meraih 20,4 persen. Menyusul di bawahnya Gatot Nurmantyo (7 persen), Jusuf Kalla (4,3 persen), Anies Baswedan (2 persen), Muhaimin Iskandar (1,9 persen), Agus Harimurti Yudhoyono (1,8 persen), Anis Matta (1,7 persen), Hary Tanoesoedibjo (1,6 persen), TGB M Zainul Majdi (1,5 persen), dan Yusril Ihza Mahendra (1 persen).</p>\r\n<p>Survei mencatat, elektabilitas Jokowi mengalami kenaikan dibandingkan dengan Februari 2018, dari 35,0 persen menjadi 36,2 persen.</p>\r\n<p>Sementara elektabilitas Prabowo turun dari 21,2 persen menjadi 20,4 persen. Direktur Riset Median Sudarto mengatakan, elektabilitas Jokowi mengalami peningkatan karena karena naiknya angka kepuasan terhadap kinerja pemerintah. \"Terjadi peningkatan kepuasan sedikit dibandingkan dengan Februari lalu. Ini karena banyak infrastruktur yang sudah selesai dan dirasakan masyarakat,\" kata Sudarto saat merilis hasil surveinya di Jakarta, Senin (16/4/2018).</p>', 'news_1526178059.jpg', 'Publish', '2018-04-17 11:31:21', '2', '20', 'NEWS', 'Inactive');
INSERT INTO `news` VALUES ('10', '2', 'Soal UNBK yang Susah atau Milenial yang Cengeng?', '', 'soal-unbk-yang-susah-atau-milenial-yang-cengeng', '<p><strong>Jakarta</strong> - Para siswa SMA langsung curhat lewat media sosial setelah mengikuti Ujian Nasional Berbasis Komputer (UNBK) yang dianggap sukar. Menteri Pendidikan dan Kebudayaan (Mendikbud) Muhadjir Effendy lalu meminta generasi milenial jangan lembek dan cengeng. Apa iya curhatan susah itu karena milenial cengeng?</p>\r\n<p>\"Kalau kita ingin bangsa Indonesia masa depan adalah bangsa besar dan maju, sebagaimana disampaikan oleh Presiden Jokowi di setiap kesempatan, ya generasi milenialnya harus punya karakter kuat, mampu memasuki arena persaingan tingkat tinggi, serta tidak lembek dan cengeng,\" kata Muhadjir kepada detikcom, Selasa (17/4/2018).</p>\r\n<p><strong>Karakter Generasi Milenial</strong></p>\r\n<p>Soal karakter generasi milenal sudah kerap dibahas dalam sejumlah riset. Karakter cengeng atau yang mendekati itu, pernah muncul dalam salah satu riset.</p>\r\n<p>Mengenai generasi milenial bisa merujuk pada teori generasi yang dikemukakan oleh Neil Howe dan William Strauss pada tahun 1991. Saat itu mereka mengelompokkan generasi yang lahir di era perang dunia yang disebut pra-baby boomers atau kadang disebut silent generations, kemudian yang lahir setelah perang dunia (1946-1960) yang disebut baby boomers, lalu Generasi X yang lahir antara 1961 hingga 1980.</p>\r\n<p>Pada tahun 1991, Howe dan Strauss menyebut generasi setelah Generasi X adalah Generasi Y (lahir antara 1981-1995) dan Generasi Y (lahir antara 1995-2010). Namun di tahun 2000, dalam buku Millenials Rising: The Next Great Generation, Howe dan Struss \'merevisi\' teorinya dan menyebut generasi yang lahir tahun 1982 dan seterusnya sebagai Generasi Milenial.</p>\r\n<p>\"Sebagai sebuah kelompok, Generasi Milenial tidak seperti generasi muda lainnya dalam memori hidup. Mereka lebih banyak, lebih akmur, berpendidikan lebih baik, dan lebih beragam secara etnis. Lebih penting lagi, mereka mulai memanifestasikan beragam kebiasaan sosial yang positif yang orang amerika yang lebih tua tidak lagi berhubungan dengan pemuda, termasuk fokus baru pada kerja tim, prestasi, kesopanan, dan perilaku yang baik,\" tulis Howe dan Strauss dalam bukunya tersebut seperti dikutip detikcom, Selasa (17/4/2018).</p>\r\n<p>Howe dan Strauss juga mencantumkan sebuah survei online tentang penyebutan generasi. Survei itu menunjukkan bahwa mereka yang lahir setelah tahun 1982 lebih suka disebut sebagai Generasi Milenial (Millennials).</p>\r\n<p>Lebih lanjut mengenai teorinya, Howe &amp; Strauss menyebut Generasi Milenial adalah kelompok yang optimistis dibandingkan Generasi X. Milenial jauh lebih optimis dengan dunia di mana mereka tumbuh dewasa. Menurut sebuah survei yang dikutip dalam buku itu, sembilan dari sepuluh Milenial menggambarkan diri sebagai individu yang \'bahagia\', \'percaya diri\', dan \'positif\'.</p>\r\n<p>\"Mereka tim yang kooperatif. Mulai dari seragam sekolah hingga pembelajaran tim, hingga pengabdian masyarakat, Generasi Milenial tertarik pada aktivitas kelompok,\" tulis Howe dan Strauss.</p>\r\n<p>Menurut Howe dan Strauss, Generasi Milenial bukan tipikal yang suka menerobos aturan. Mereka sangat senang untuk mengikuti aturan.</p>\r\n<p>Generasi Milenial yang digambarkan oleh Howe dan Strauss juga disebut jauh lebih pandai dari yang kebanyakan orang pikir. Generasi Milenial bahkan menilai dirinya \'keren jika pintar\'. Ada pula hasil tes yang menunjukkan remaja tahun 2000an di Amerika Serikat sangat menantikan masuk sekolah dan ingin melanjutkan ke jenjang kuliah.</p>', 'news_1526177242.jpeg', 'Publish', '2018-04-17 11:46:41', '2', '50', 'NEWS', 'Active');
INSERT INTO `news` VALUES ('11', '2', 'Presiden Jokowi Cek Proyek Bandara Kebanggaan Jawa Barat', '', 'presiden-jokowi-cek-proyek-bandara-kebanggaan-jawa-barat', '<p>PRESIDEN Joko Widodo (Jokowi) hari ini diagendakan meninjau Bandara Internasional Jawa Barat (BIJB) Kertajati, Selasa (17/4/2018). Kunjungan ini untuk mengecek perkembangan bandara tersebut yang akan beroperasi dalam waktu dekat.<br /><br />Menteri Perhubungan Budi Karya Sumadi ikut mendampingi Jokowi meninjau proyek tersebut.<br /><br />Sebelumnya, pada 4 April 2018, Budi Karya telah meninjau proyek tersebut. Dalam kunjungannya, dia mengecek berbagai fasilitas yang sudah tersedia di sana dan memastikan kondisinya baik.<br /><br /></p>\r\n<div id=\"beacon_47117d89cd\" style=\"position: absolute; left: 0px; top: 0px; visibility: hidden;\"><img style=\"width: 0px; height: 0px;\" src=\"https://newrevive.detik.com/delivery/lg.php?bannerid=0&amp;campaignid=0&amp;zoneid=674&amp;loc=https%3A%2F%2Ffinance.detik.com%2Finfrastruktur%2Fd-3974919%2Fhari-ini-jokowi-cek-proyek-bandara-kebanggaan-jawa-barat&amp;referer=https%3A%2F%2Fwww.google.com%2F&amp;cb=47117d89cd\" alt=\"\" width=\"0\" height=\"0\" /></div>\r\n<p>Budi menyusuri beberapa tempat di lokasi proyek. Beberapa tempat yang dilihat antara lain, fasilitas toilet, tempat penumpang menunggu pesawat, dan terminal keberangkatan.<br /><br />Dia mengatakan pembangunan bandara diharapkan rampung pada awal pekan Mei 2018. Setelah rampung, pada pekan ketiga Mei akan dilakukan peresmian pendahuluan atau <em>soft launching</em>. Dia mengatakan akan meminta Presiden meresmikan bandara tersebut.<br /><br /></p>\r\n<table class=\"linksisip\">\r\n<tbody>\r\n<tr>\r\n<td>\r\n<div class=\"lihatjg\"><strong>Baca juga: </strong><a href=\"https://finance.detik.com/readfoto/2018/04/04/201532/3953933/461/1/potret-terkini-bandara-keren-di-majalengka-sebelum-beroperasi\" target=\"_blank\" rel=\"noopener\" data-label=\"List Berita\" data-action=\"Berita Pilihan\" data-category=\"Detil Artikel\"><span style=\"color: blue;\">Potret Terkini Bandara Keren di Majalengka Sebelum Beroperasi</span></a></div>\r\n</td>\r\n</tr>\r\n</tbody>\r\n</table>\r\n<p><br />\"Kami sepakat menetapkan target, bangunan ini akan selesai di awal Mei. Kita akan <em>soft opening</em> minggu ketiga Mei dan kita upayakan mudik Lebaran sudah <em>grand opening</em>. Kita akan undang Pak Presiden untuk dilakukan <em>grand opening</em>,\" kata dia saat meninjau Bandara Kertajati, Majalengka 4 April 2018.<br /><br />BIJB ditargetkan dapat melayani penerbangan untuk jamaah haji tahun ini. Menteri Koordinator Bidang Kemaritiman Luhut Binsar Panjaitan sebelumnya mengatakan, bandara ini siap dipakai 15 Juli mendatang.<br /><br />Lihat foto-foto Bandara Kertajati dari udara di berita ini:<br /><br /></p>\r\n<table class=\"linksisip\">\r\n<tbody>\r\n<tr>\r\n<td>\r\n<div class=\"lihatjg\"><strong>Baca juga: </strong><a href=\"https://finance.detik.com/readfoto/2018/04/16/143118/3973792/461/1/cantiknya-bandara-kebanggaan-jabar-dilihat-dari-udara\" target=\"_blank\" rel=\"noopener\" data-label=\"List Berita\" data-action=\"Berita Pilihan\" data-category=\"Detil Artikel\"><span style=\"color: blue;\">Cantiknya Bandara Kebanggaan Jabar Dilihat dari Udara</span></a></div>\r\n</td>\r\n</tr>\r\n</tbody>\r\n</table>\r\n<p>SUMBER: DETIK.COM<strong><br /></strong></p>', 'news_1526177385.jpg', 'Publish', '2018-04-17 13:03:58', '2', '9', 'NEWS', 'Active');
INSERT INTO `news` VALUES ('12', '2', 'Jokowi, Negara dan Agama ', 'Presiden Jokowi: Agama dan Negara Harus Berjalan Beriringan', 'jokowi-negara-dan-agama', '<p style=\"text-align: justify;\">Agama dan negara harus dapat berjalan beriringan dan saling memperkukuh, bukan untuk saling dipertentangkan.</p>\r\n<p style=\"text-align: justify;\">Pernyataan tersebut disampaikan Presiden Joko Widodo (Jokowi) dalam sambutannya pada Silaturahmi Penyuluh Agama se-Jawa Tengah yang digelar di Lapangan Pancasila, Simpang Lima, Kota Semarang, Provinsi Jawa Tengah, Sabtu (14/4).<span id=\"more-128600\"></span></p>\r\n<p style=\"text-align: justify;\">&ldquo;Negara memberikan perlindungan dalam berkeyakinan dan agama memberikan panduan ilahiah bagi masyarakat dalam berperilaku dan bermasyarakat,&rdquo; kata Presiden.</p>\r\n<p style=\"text-align: justify;\">Oleh karena itu, peran penyuluh agama menjadi sangat penting untuk menghadirkan agama yang ramah untuk umatnya dan antarumat beragama. Penyuluh agama, lanjut Presiden, harus memberikan contoh dan teladan berbudi pekerti luhur, teladan untuk saling berinteraksi dengan penuh empati dan saling menghormati.</p>\r\n<p style=\"text-align: justify;\">Presiden juga mengingatkan bahwa penyuluh agama adalah pemandu umat yang harus dapat menumbuhkan motivasi, harapan dan optimisme, bukan pemandu yang menakut-nakuti dan menumbuhkan pesimisme.</p>\r\n<p style=\"text-align: justify;\">&ldquo;Pikiran positif akan memancarkan aura semangat untuk seluruh umat kita,&rdquo; ucapnya.</p>\r\n<p style=\"text-align: justify;\">Lebih jauh Presiden mengatakan bahwa aparat pemerintah dan para pemuka agama harus selalu bekerja sama untuk membangun Indonesia yang kokoh. Selain toleran dan saling pengertian, menurut Presiden, juga harus terus bersinergi dan bekerja sama, menjaga sikap umatnya masing-masing.</p>\r\n<p style=\"text-align: justify;\">&ldquo;Dan bekerja sama untuk meningkatkan saling pengertian antaragama, antaretnis dan antarstatus sosial,&rdquo; ujar Presiden.</p>\r\n<p style=\"text-align: justify;\">Di awal sambutannya, Presiden memperoleh informasi bahwa penyuluh agama se-Jawa Tengah yang hadir sebanyak 5.711 orang, baik dari perwakilan agama Islam, Kristen, Katolik, Hindu, Buddha, Konghucu. &ldquo;Terima kasih atas partisipasinya, kerelaannya dan keikhlasannya. Bapak, Ibu, Saudara sekalian telah ikut berperan menjaga persatuan dan kesatuan,&rdquo; kata Presiden.</p>\r\n<p style=\"text-align: justify;\">Dalam kesempatan ini, Presiden juga mengapresiasi para penyuluh agama. Menurutnya, apa yang dilakukan penyuluh agama merupakan hal yang luar biasa.</p>\r\n<p style=\"text-align: justify;\">&ldquo;Luar biasa, karena Saudara-saudara telah memberikan pengorbanan kepada negara, bangsa dan agama. Luar biasa atas komitmen Saudara memperkuat kerukunan bangsa serta luar biasa atas komitmen Saudara untuk memperkokoh NKRI memperkokoh Pancasila serta memperkokoh Bhinneka Tunggal Ika,&rdquo; ucapnya.</p>\r\n<p style=\"text-align: justify;\">Menurut Presiden, peran agama dalam kehidupan masyarakat Indonesia sangat sentral. Presiden menyebutkan bahwa dalam Pancasila, sila pertama Ketuhanan Yang Maha Esa menjiwai keempat sila lainnya.</p>\r\n<p style=\"text-align: justify;\">&ldquo;Bahwa kemanusiaan, persatuan, kerakyatan dan keadilan semuanya dibangun dalam kerangka ketuhanan. Harus kita pahami dan sadari bersama,&rdquo; tutur Kepala Negara.</p>\r\n<p style=\"text-align: justify;\">Berbagai hasil penelitian, lanjut Presiden, selalu menunjukkan bahwa mayoritas rakyat Indonesia di atas 80 persen menganggap agama merupakan hal yang sangat penting. &ldquo;Namun, di saat yang sama juga terpotret bahwa konflik sosial dengan akar agama harus tetap terus diwaspadai, terus diantisipasi. Hal ini lah yang harus menjadi perhatian kita bersama,&rdquo; kata Kepala Negara.</p>\r\n<p style=\"text-align: justify;\">Presiden juga berpesan agar masyarakat tidak menghabiskan energi untuk mempertajam perbedaan. Terutama perbedaan yang terkait dengan pilihan dalam pemilihan bupati/wali kota, pemilihan gubernur, maupun pemilihan presiden.</p>\r\n<p style=\"text-align: justify;\">&ldquo;Nah ini urusan perbedaan, sekarang di Jawa Tengah ada pilgub dan ada pilihan bupati, wali kota ada tujuh. Nanti 2019 ada pilpres, sampaikan kepada masyarakat bahwa pilihan berbeda dalam demokrasi itu biasa. Pilih pemimpin yang paling baik. Setelah coblos rukun kembali sebagai saudara sebangsa dan setanah air, bersama-sama membangun negara ini,&rdquo; kata Presiden.</p>\r\n<p style=\"text-align: justify;\"><strong>NKRI Tidak Dapat Dipisahkan</strong></p>\r\n<p style=\"text-align: justify;\">Ketika memberikan kuis berhadiah sepeda, salah satu pertanyaan Presiden adalah untuk menyebutkan 17 ribu pulau yang dimiliki Indonesia. Seorang ibu bernama Mujiarti, penyuluh non-PNS Kota Surakarta, mendapatkan kesempatan untuk menjawabnya.</p>\r\n<p style=\"text-align: justify;\">&ldquo;Indonesia. Karena saya tidak bisa menyebutkan 17 ribu, Pak. Semua pulau itu tergabung menjadi satu, namanya Negara Kepulauan Republik Indonesia. Tidak bisa dipisah-pisahkan, Pak,&rdquo; jawab Mujiarti.</p>\r\n<p style=\"text-align: justify;\">Mendengar jawaban tersebut, Presiden mengapresiasinya dan mengatakan bahwa jawaban tersebut merupakan jawaban yang pintar. Namun demikian, Presiden tetap meminta Mujiarti menyebutkan tujuh nama pulau.</p>\r\n<p style=\"text-align: justify;\">&ldquo;Pulau Jawa, Sumatra, Kalimantan, Papua, Sulawesi, Pulau Bali, Pulau Madura,&rdquo; ujar Mujiarti yang diiringi tepuk tangan seluruh hadirin.</p>\r\n<p>Turut hadir mendampingi Presiden dalam acara tersebut Menteri Sekretaris Negara Pratikno, Menteri Agama Lukman Hakim Saifuddin, Ketua MUI K.H. Ma&rsquo;ruf Amin, dan Plt. Gubernur Jawa Tengah Heru Sudjatmoko. Juga tampak hadir, Ketua Umum Partai Persatuan Pembangunan (PPP) Romahurmuziy</p>\r\n<p>SUMBER: SETKAB.GO.ID</p>', 'news_1526163996.jpg', 'Publish', '2018-04-17 13:29:02', '2', '86', 'NEWS', 'Active');
INSERT INTO `news` VALUES ('13', '2', 'Jokowi Dituduh Buat Rakyat Miskin, Moeldoko: Ngomongnya Tak Logis ', 'Kepala Kantor Staf Presiden Moeldoko menampik argumen Wakil Koordinator Nasional Gerakan Indonesia Salat Subuh (GIS) Eggi Sudjana yang mengatakan Presiden Joko Widodo  membuat rakyat miskin.', 'jokowi-dituduh-buat-rakyat-miskin-moeldoko-ngomongnya-tak-logis', '<p>Kepala Kantor Staf Presiden Moeldoko menampik argumen Wakil Koordinator Nasional Gerakan Indonesia Salat Subuh (GIS) Eggi Sudjana yang mengatakan Presiden Joko Widodo&nbsp; membuat rakyat miskin. Eggi menilai hal itu terjadi akibat sumber daya alam Indonesia yang banyak dikuasai asing.</p>\r\n<p>Menurut Moeldoko, tudingan tokoh alumni aksi unjuk rasa 2 Desember 2016 (212) itu tidak benar. Jika indikatornya adalah sumber daya alam yang banyak dikuasai asing, kata Moeldoko, hal itu sudah terjadi sebelum pemerintahan Jokowi-Jusuf Kalla. \"Ngomongnya tidak logis,\" kata Moeldoko di Kompleks Istana Kepresidenan, Jakarta, Senin, 16 April 2018.</p>\r\n<p><strong>Baca: <a href=\"https://bisnis.tempo.co/read/1079620/jokowi-masuk-daftar-muslim-paling-berpengaruh-di-dunia\">Jokowi Masuk Daftar Muslim Paling Berpengaruh di Dunia</a></strong></p>\r\n<p>Selain itu, kata Moeldoko, pemerintahan Jokowi-JK mampu memangkas angka ketimpangan kemiskinan di masyarakat. Ia berujar indeks gini ratio saat ini turun dari 0,41 ke 0,39.</p>\r\n<p>Moeldoko menyayangkan sikap Eggi yang melontarkan tudingannya itu di forum pengajian di lingkungan masjid. Mantan panglima TNI itu menilai masjid adalah tempat untuk syiar agama, menebarkan kesejukkan. \"Bukan menebarkan hal-hal yang berbau itu. Jadi bingung masyarakat,\" kata dia.</p>\r\n<p><strong>Baca: <a href=\"https://nasional.tempo.co/read/1079514/jokowi-konflik-sosial-dengan-akar-agama-harus-terus-diwaspadai\">Jokowi: Konflik Sosial dengan Akar Agama Harus Terus Diwaspadai</a></strong></p>\r\n<p>Sebelumnya dalam acara kuliah subuh di sebuah masjid di Tangerang Selatan, Eggi Sudjana berpidato soal kemiskinan yang dialami oleh masyarakat. Menurut dia, Presiden Jokowi yang membuat rakyat miskin.[]</p>\r\n<p>SUMBER: TEMPO.CO</p>\r\n<p>FOTO: REUTERS/Beawiharta</p>', 'news_1526177208.jpg', 'Publish', '2018-04-17 13:53:37', '2', '21', 'NEWS', 'Inactive');
INSERT INTO `news` VALUES ('14', '2', 'Dua Tahun, 30 Proyek Strategis Jokowi Rp94,8 Triliun Rampung', '', 'dua-tahun-30-proyek-strategis-jokowi-rp948-triliun-rampung', '<p>Presiden Joko Widodo (Jokowi) sudah merampungkan 30 proyek strategis nasional (PSN) periode 2016-2017 senilai Rp 94,8 triliun. Jumlah proyek tersebut berdasarkan data Komite Percepatan Penyediaan Infrastruktur Prioritas (KPPIP),&nbsp; dikutip, Selasa (17/4/2018).<br /><br /><strong>Berikut rinciannya:</strong><br /><br /><strong>20 Proyek Strategis Nasional selesai pada 2016 senilai Rp 33,3 triliun</strong><br /><br /> 1. Jalan Tol Gempol - Pandaan, Jatim 14km (Rp 1,47 triliun)<br />2. Bandara Sentani, Jayapura, Papua (Rp 1,47 triliun)<br />3. Bandara Juwata, Tarakan, Kaltara (Rp 1,39 triliun)<br />4. Bandara Fatmawati Soekarno, Bengkulu (Rp 1,67 triliun)<br />5. Bandara Mutiara, Palu (Rp 1,39 triliun)<br />6. Bandara Matahora, Wakatobi, Sultra (Rp 662 miliar)<br />7. Bandara Labuan Bajo, Pulau Komodo, NTT (Rp 662 miliar)<br />8. Pengembangan Bandara Soekarno Hatta (Termasuk Terminal 3), Banten (Rp 4,7 triliun)<br />9. Pelabuhan Kalibaru, DKI Jakarta (Rp 12,0 triliun)<br />10. Pipa Gas Belawan-Sei Mengkei kapasitas 75 mmscfd, Sumut (Rp 1,21 triliun)<br />11. PLBN &amp; SP Entikong, Kab. Sanggau, Kalbar (Rp 152 miliar)<br />12. PLBN &amp; SP Mota\'ain, Kab. Belu, NTT (Rp 82 miliar)<br />13. PLBN &amp; SP Motamassin, Kab. Malaka, NTT (Rp 128 miliar)<br />14. PLBN &amp; SP Skouw, Kota Jayapura, Papua (Rp 166 miliar)<br />15. Bendungan Paya Seunara, Kota Sabang, NAD (Rp 57 miliar)<br />16. Bendungan Rajui, Kab. Pidie, NAD (Rp 138 miliar)<br />17. Bendungan Jatigede, Kota Sumedang, Jabar (Rp 4,82 triliun)<br />18. Bendungan Bajulmati, Banyuwangi, Jatim (Rp 454 miliar)<br />19. Bendungan Nipah, Madura, Jatim (Rp 213 miliar)<br />20. Bendungan Titab, Kab. Buleleng, Bali (Rp 496 miliar)<br /><br /><strong>10 Proyek Strategis Nasional selesai 2017 senilai Rp 61,5 triliun</strong><br /><br />1. Jalan Tol Soreang - Pasirkoja, Jabar 11km (Rp 1,51 triliun)<br />2. Jalan Tol Mojokerto - Surabaya, Jatim 36,3km (Rp 4,98 triliun)<br />3. Jalan Akses Tanjung Priok, DKI Jakarta 16,7km (Rp 6,27 triliun)<br />4. Bandara Raden Inten II, Lampung (Rp 1,47 triliun)<br />5. Pengembangan Lapangan Jangkrik dan Jangkrik North East Wilayah Kerja Muara Bakau, Kaltim (Rp 45,5 triliun)<br />6. Pembangunan Pos Lintas Batas Negara (PLBN) &amp; Sarana Penunjang Nanga Badau, Kab Kapuas Hulu, Kalbar (Rp 154 miliar)<br />7. Pembangunan Pos Lintas Batas Negara (PLBN) &amp; Sarana Penunjang Aruk, Kab Sambas, Kalbar (Rp 131 miliar)<br />8. Pembangunan Pos Lintas Batas Negara (PLBN) &amp; Sarana Penunjang Wini, Kab Timor Tengah Utara, NTT (Rp 130 miliar)<br />9. Bendungan Teritip, Kaltim (Rp 262 miliar)<br />10. Pembangunan Saluran Suplesi Daerah Irigasi Umpu Sistem (Way Besai), Lampung (Rp 1,078 triliun).<br /><br />Sebagai informasi, berdasarkan data KPPIP, pada 2016 total PSN 225 Proyek ditambah 1 Program. Hal ini tertuang dalam Perpres Nomor 3 Tahun 2016. <br /><br />Hasil evaluasi pada awal 2017, KPPIP menetapkan 15 proyek dikeluarkan dari daftar PSN, dan terdapat 55 proyek tambahan dan 1 program yaitu pengembangan industri pesawat, serta 20 PSN yang selesai.<br /><br /></p>\r\n<table class=\"linksisip\">\r\n<tbody>\r\n<tr>\r\n<td>\r\n<div class=\"lihatjg\"><strong>Baca juga: </strong><a href=\"https://finance.detik.com/read/2018/04/17/172853/3976191/4/kata-jokowi-soal-14-proyek-strategis-nasional-yang-dicoret\" target=\"_blank\" rel=\"noopener\" data-label=\"List Berita\" data-action=\"Berita Pilihan\" data-category=\"Detil Artikel\"><span style=\"color: blue;\">Kata Jokowi soal 14 Proyek Strategis Nasional yang Dicoret</span></a></div>\r\n</td>\r\n</tr>\r\n</tbody>\r\n</table>\r\n<p><br />Sehingga pada 2017 total PSN menjadi 245 dan 2 program tambahan yang tertuang dalam Perpres 58 Tahun 2017 yang merupakan revisi dari Perpres Nomor 3 Tahun 2016.<br /><br />Pada awal 2018, pemerintah kembali mengevaluasi PSN. Hasil evaluasi KPPIP menetapkan ada 14 proyek yang dicoret dari daftar, sebanyak 10 proyek yang rampung di akhir 2017. Lalu ada 1 tambahan proyek dan 1 program, sehingga total saat ini ditetapkan 222 PSN dan 3 program tambahan senilai Rp 4.100 triliun.<br /><br /></p>\r\n<div class=\"lihatjg\"><strong>Baca juga: </strong><a href=\"https://finance.detik.com/read/2018/04/17/172853/3976191/4/kata-jokowi-soal-14-proyek-strategis-nasional-yang-dicoret\" target=\"_blank\" rel=\"noopener\" data-label=\"List Berita\" data-action=\"Berita Pilihan\" data-category=\"Detil Artikel\"><span style=\"color: blue;\">Kata Jokowi soal 14 Proyek Strategis Nasional yang Dicoret</span></a></div>\r\n<div class=\"lihatjg\"><br />SUMBER: <a href=\"https://finance.detik.com/berita-ekonomi-bisnis/d-3976615/30-proyek-strategis-jokowi-rp-948-triliun-rampung\">DETIK.COM</a></div>', 'news_1526177186.jpg', 'Publish', '2018-04-18 00:22:44', '2', '29', 'NEWS', 'Inactive');
INSERT INTO `news` VALUES ('15', '1', 'Sertifikasi Tanah Cara Jokowi', '', 'sertifikasi-tanah-cara-jokowi', '<p>Sertifikasi Tanah Cara Jokowi</p>\r\n<p>SUMBER: PINTERPOLITIK</p>', '1526179427.jpg', 'Publish', '2018-04-18 00:42:31', '2', '76', 'INFO GRAFIS', 'Inactive');
INSERT INTO `news` VALUES ('16', '1', 'Kerja, Kerja! Infrastruktur Baru Era Jokowi', '', 'kerja-kerja-infrastruktur-baru-era-jokowi', '<p>Rakyat Indonesia di pinggiran, kawasan perbatasan, pulau-pulau terdepan, dan kawasan terisolasi harus merasakan kehadiran negara dan buah pembangunan. Inilah hasrat Presiden Joko Widodo atau Jokowi.</p>\r\n<p>Untuk merealisasikan cita-cita itu, alokasi anggaran untuk pembangunan <a title=\"infrastruktur\" href=\"https://www.liputan6.com/bisnis/read/3060704/headline-gebrakan-infrastruktur-jokowi-setelah-72-tahun-merdeka\">infrastruktur</a> terus dilecut. Pada 2014, porsi anggaran infrastruktur terhadap total belanja negara hanya sebesar 8,7 persen. Setahun kemudian membesar menjadi 14,2 persen. Pada 2016 naik menjadi 15,2 persen. Tahun 2017 ini berada di level 18,6 persen.</p>\r\n<p>Jokowi pun membuat gebrakan melalui berbagai infrastruktur baru. Sebut saja <a title=\"Trans Papua\" href=\"https://www.liputan6.com/bisnis/read/3049423/keren-ini-foto-terbaru-jalan-trans-papua-yang-membelah-gunung\">Trans Papua</a>, Lintas Perbatasan Kalimantan, Trans Sumatera, PLTU Batang terbesar di ASEAN, dan Simpul Jalur Tol Laut.</p>\r\n<p>Ditambah lagi dengan Mass Rapid Transit (MRT), Light Rail Transit (LRT), <a title=\"Skytrain\" href=\"https://www.liputan6.com/news/read/3059472/video-skytrain-bandara-soekarno-hatta-mulai-diuji-coba\">Skytrain</a> Bandara Soekarno-Hatta, Satu Juta Rumah, dan Bendungan Jatigede.</p>\r\n<p>Keren!</p>\r\n<p>SUMBER: LIPUTAN6.COM</p>', '1526179367.jpg', 'Publish', '2018-04-18 01:07:42', '2', '103', 'INFO GRAFIS', 'Inactive');
INSERT INTO `news` VALUES ('17', '2', 'Temui Korban Gempa Banjarnegara, Presiden Jokowi Pastikan Ditangani Serius', 'Temui Korban Gempa Banjarnegara, Presiden Jokowi Pastikan Ditangani Serius', 'temui-korban-gempa-banjarnegara-presiden-jokowi-pastikan-ditangani-serius', '<p>Presiden Joko Widodo meninjau langsung penanganan dampak gempa yang terjadi di Kecamatan Kalibening, Kabupaten Banjarnegara, pada Senin 23 April 2018. Presiden tiba di lokasi pertama, di Desa Sidokangen sekitar pukul 15.20 WIB.</p>\r\n<p>Seperti diketahui, Kabupaten Banjarnegara diguncang gempa bumi pada Rabu, 18 April 2018 pukul 13.28 WIB. Dalam laporan yang diterimanya, Presiden mengatakan bahwa ada 2.125 masyarakat terdampak yang masih mengungsi. <br /><br />Kemudian ada 465 unit rumah yang rusak, yang terdiri atas 144 rumah rusak berat, 125 rumah rusak sedang, dan 196 rumah rusak ringan. Selain itu ada 4 masjid, 2 musala, 1 bangunan Sekolah Menengah Pertama (SMP) dan 3 bangunan Sekolah Dasar (SD) rusak berat. <br /><br />\"Ini langsung akan dikerjakan. Kita butuh waktu 2 minggu sampai 1 bulan untuk persiapan material, perencanaan, dan lain-lain. Dan kita harapkan dalam waktu 2 minggu sampai 1 bulan semuanya sudah dikerjakan oleh BNPB bekerja sama dengan Kementerian PUPR,\" ungkap Presiden.Untuk penanganan bangunan yang rusak berat dan rusak sedang akan ditangani oleh pemerintah pusat. Sementara untuk rusak ringan ditangani pemerintah provinsi dan kabupaten. <br /><br />Presiden juga mengatakan pemerintah akan memberikan bantuan sewa rumah sebesar Rp.500 ribu per bulan per rumah. Bantuan diberikan selama 6 bulan ke depan.<br /><br />\"Kemarin kita perkirakan rumah-rumah yang ada itu 6 bulan sudah selesai. Akan ada juga bantuan jatah hidup Rp.10 ribu per jiwa per hari selama 3 bulan,\" lanjutnya.<br /><br />Di lokasi pertama peninjauan Presiden memberikan santunan untuk korban meninggal dunia. Ada dua orang korban, yaitu Asep (13 tahun) dari Desa Kasinoman, dan Kasrih (100 tahun) dari Dusun Bakalan.<br /><br />Selain memberikan santunan, Presiden juga bertemu dengan anak-anak korban gempa. Presiden menyempatkan berdialog dan membagikan buku tulis untuk mereka.<br /><br />\"Anak-anak tetap belajar kan? Dengan Kak Seto belajar? Mau? Belajar apa? Main sulap? Terus apa lagi? Bernyanyi, iya terus apa lagi? Senam biar sehat, benar, terus? Matematika, berhitung juga? Pintar semua ini. Saya beri buku dibagi, tiga-tiga, empat-empat ya,\" ucap Presiden.<br /><br />Setelah itu Presiden meninjau lokasi kedua di Dusun Kasinoman, Desa Kasinoman, Kecamatan Kalibening, Kabupaten Bajarnegara. Di sini, Presiden menyempatkan untuk melihat rumah yang rusak akibat gempa.<br /><br />Dalam kunjungan ke Banjarnegara, Presiden didampingi Sekretaris Kabinet Pramono Anung, Menteri Pekerjaan Umum dan Perumahan Rakyat Basuki Hadimuljono, Menteri Perhubungan Budi Karya Sumadi, Kepala Badan Nasional Penanggulangan Bencana (BNPB) Willem Rampangilei, dan Plt. Gubernur Jawa Tengah Heru Sudjatmoko.[]</p>', 'news_1526177092.jpg', 'Publish', '2018-04-23 22:30:45', '2', '94', 'NEWS', 'Inactive');
INSERT INTO `news` VALUES ('32', '2', 'People Are Accusing Gigi Hadid And Vogue Italia Of Blackface After They Unveiled Their Latest Cover', ' Lorem ipsum dolor sit amet, consectetur adipisicing elit. Cupiditate, asperiores quod est tenetur in. Eligendi, deserunt, blanditiis est quisquam doloribus voluptate id aperiam ea ipsum magni aut per', 'people-are-accusing-gigi-hadid-and-vogue-italia-of-blackface-after-they-unveiled-their-latest-cover', '<p>Bootstrap 3 is awesome. Not only does is provide all the basics of a front-end framework, but it also has a ton of helpers to speed up development. These helpers can be used to rapidly prototype something out or to build an extremely strong and reliable front-end foundation for a longer-term application. This post is a followup to Bootstrap 3 Tips and Tricks You Might Not Know with even more tricks and tips. Mostly everything in these posts are coming directly from the documentation itself. So hopefully some of these you immediately recognize and others you\'ll wonder how you missed that.</p>', 'news_1526163918.jpg', 'Publish', '2018-05-03 20:51:51', '1', '10', 'NEWS', 'Inactive');
INSERT INTO `news` VALUES ('33', '2', 'PKP Berdikari Desak Polisi Usut Tuntas Politik Intimidasi Tak Bermoral di CFD', 'PKP Berdikari Desak Polisi Usut Tuntas Politik Intimidasi Tak Bermoral di CFD', 'pkp-berdikari-desak-polisi-usut-tuntas-politik-intimidasi-tak-bermoral-di-cfd', '<p>PKP Berdikari Desak Polisi Usut Tuntas Politik Intimidasi Tak Bermoral di CFD&nbsp;PKP Berdikari Desak Polisi Usut Tuntas Politik Intimidasi Tak Bermoral di CFD&nbsp;PKP Berdikari Desak Polisi Usut Tuntas Politik Intimidasi Tak Bermoral di CFD</p>', 'news_1526176866.jpg', 'Publish', '2018-05-03 23:09:13', '1', '19', 'NEWS', 'Active');
INSERT INTO `news` VALUES ('37', '1', 'Racun Kalajengking Jokowi', '', 'racun-kalajengking-jokowi', '', '1526179388.jpg', 'Publish', '2018-05-08 00:42:19', '1', '12', 'INFO GRAFIS', 'Inactive');
INSERT INTO `news` VALUES ('39', '5', 'adg asd ', 'as dsad g', 'adg-asd', '<p>asd gsadg</p>', '1525932891.jpg', 'Publish', '2018-05-10 13:14:51', '1', '3', 'YOUR STORY', 'Inactive');
INSERT INTO `news` VALUES ('40', '5', 'aeh ear haerh ae', 'aw awe gerh', 'aeh-ear-haerh-ae', '<p>&nbsp;serhser h3 y4ht</p>', '1525932915.jpg', 'Publish', '2018-05-10 13:15:15', '1', '6', 'YOUR STORY', 'Inactive');
INSERT INTO `news` VALUES ('41', '6', 'This Hoax or Not', 'This is Hoax or Not Hoax or Not', 'this-hoax-or-not', '<p>Hoax or Not Hoax or Not Hoax or Not Hoax or Not Hoax or Not Hoax or Not Hoax or Not Hoax or Not Hoax or Not Hoax or Not</p>', 'news_1526853878.jpg', 'Publish', '2018-05-10 13:45:59', '1', '18', 'HOAX or NOT', 'Inactive');
INSERT INTO `news` VALUES ('44', '3', 'The Chainsmokers & Coldplay - Something Just Like This (Lyric)', 'Hahaha hahaha hahhah hahahah', 'the-chainsmokers-coldplay-something-just-like-this-lyric', '<p><iframe src=\"//www.youtube.com/embed/FM7MFYoylVs\" width=\"560\" height=\"315\" frameborder=\"0\" allowfullscreen=\"allowfullscreen\"></iframe></p>\r\n<p><strong>asd</strong> fasd gasdg asdg asdg asdg asdg sadg asdg asdg asdg asdg asdg asdg asdg asdg&nbsp;</p>', '1526177688.jpg', 'Publish', '2018-05-11 21:13:12', '1', '14', 'VIDEO', 'Active');
INSERT INTO `news` VALUES ('45', '3', 'Solange Knowles Will Release Her New Album on Friday', 'Solange Knowles Will Release Her New Album on Friday', 'solange-knowles-will-release-her-new-album-on-friday', '<p><span style=\"color: #ffffff; font-family: Monaco, monospace; font-size: 11px; background-color: #316ac5;\">Solange Knowles Will Release Her New Album on Friday</span></p>', '1526177674.jpg', 'Publish', '2018-05-11 23:03:16', '1', '4', 'VIDEO', 'Inactive');
INSERT INTO `news` VALUES ('46', '3', 'Solange Knowles Will Release Her New Album on Friday 2', 'Solange Knowles Will Release Her New Album on Friday', 'solange-knowles-will-release-her-new-album-on-friday-2', '<p>Solange Knowles Will Release Her New Album on Friday</p>', '1526177664.jpg', 'Publish', '2018-05-11 23:06:57', '1', '13', 'VIDEO', 'Inactive');
INSERT INTO `news` VALUES ('47', '3', 'vvnmvm vjhvj', 'In this page, the posts data will be retrieved from the MySQL database and listed with the Load More button in the web page.', 'vvnmvm-vjhvj', '<p>In this page, the posts data will be retrieved from the MySQL database and listed with the Load More button in the web page. In this page, the posts data will be retrieved from the MySQL database and listed with the Load More button in the web page.</p>\r\n<p>In this page, the posts data will be retrieved from the MySQL database and listed with the Load More button in the web page. In this page, the posts data will be retrieved from the MySQL database and listed with the Load More button in the web page. In this page, the posts data will be retrieved from the MySQL database and listed with the Load More button in the web page.</p>', '1526177653.jpg', 'Publish', '2018-05-11 23:52:51', '1', '6', 'VIDEO', 'Inactive');
INSERT INTO `news` VALUES ('49', '7', 'Meaningful work, implementation, process cooperation, campaign inspire.', 'FGD FGD', 'meaningful-work-implementation-process-cooperation-campaign-inspire', '<p><strong>Employment</strong> respond committed meaningful fight against oppression social challenges rural legal aid governance. Meaningful work, implementation, process cooperation, campaign inspire.</p>\r\n<p>Employment respond committed meaningful fight against oppression social challenges rural legal aid governance. Meaningful work, implementation, process cooperation, campaign inspire.</p>\r\n<p>Employment respond committed meaningful fight against oppression social challenges rural legal aid governance. Meaningful work, implementation, process cooperation, campaign inspire.</p>', '1527094232.jpeg', 'Publish', '2018-05-23 23:50:32', '1', '1', 'FGD', 'Inactive');
INSERT INTO `news` VALUES ('50', '7', 'WELCOME TO CANVAS MULTIPURPOSE TEMPLATE.', 'WELCOME TO CANVAS MULTIPURPOSE TEMPLATE.', 'welcome-to-canvas-multipurpose-template', '<p>WELCOME TO CANVAS MULTIPURPOSE TEMPLATE.</p>', '1527097538.jpg', 'Publish', '2018-05-24 00:45:38', '1', '2', 'FGD', 'Inactive');
INSERT INTO `news` VALUES ('51', '1', 'afewf', '', 'afewf', '<p>wef</p>', '1527151286.jpeg', 'Publish', '2018-05-24 15:41:26', '1', '1', 'INFO GRAFIS', 'Inactive');

-- ----------------------------
-- Table structure for `static_page`
-- ----------------------------
DROP TABLE IF EXISTS `static_page`;
CREATE TABLE `static_page` (
  `web_id` int(3) unsigned NOT NULL AUTO_INCREMENT,
  `web_title` varchar(255) NOT NULL,
  `web_content` longtext NOT NULL,
  `datepost` datetime NOT NULL,
  `dateupdate` datetime NOT NULL,
  `picture` varchar(100) NOT NULL,
  PRIMARY KEY (`web_id`)
) ENGINE=InnoDB AUTO_INCREMENT=2 DEFAULT CHARSET=utf8;

-- ----------------------------
-- Records of static_page
-- ----------------------------
INSERT INTO `static_page` VALUES ('1', 'PKPBerdikari', '<p>Lorem ipsum dolor sit amet, consectetur adipisicing elit, sed do eiusmod tempor incididunt ut labore et dolore magna aliqua. Ut enim ad minim veniam, quis nostrud exercitation ullamco laboris nisi ut aliquip ex ea commodo consequat. Duis aute irure dolor in reprehenderit in voluptate velit esse cillum dolore eu fugiat nulla pariatur. Excepteur sint occaecat cupidatat nonproident, sunt in culpa qui officia deserunt mollit anim id est laborum.</p>\r\n<p>Lorem ipsum dolor sit amet, consectetur adipisicing elit, sed do eiusmod tempor incididunt ut labore et dolore magna aliqua. Ut enim ad minim veniam, quis nostrud exercitation ullamco laboris nisi ut aliquip ex ea commodo consequat. Duis aute irure dolor in reprehenderit in voluptate velit esse cillum dolore eu fugiat nulla pariatur. Excepteur sint occaecat cupidatat nonproident, sunt in culpa qui officia deserunt mollit anim id est laborum.</p>', '2018-05-09 16:37:58', '2018-05-09 16:37:58', '1523945038.jpeg');

-- ----------------------------
-- Table structure for `statistic`
-- ----------------------------
DROP TABLE IF EXISTS `statistic`;
CREATE TABLE `statistic` (
  `ip` varchar(20) NOT NULL DEFAULT '',
  `date` datetime NOT NULL,
  `hits` int(10) NOT NULL DEFAULT '1',
  `online` varchar(255) NOT NULL
) ENGINE=InnoDB DEFAULT CHARSET=utf8;

-- ----------------------------
-- Records of statistic
-- ----------------------------

-- ----------------------------
-- Table structure for `users`
-- ----------------------------
DROP TABLE IF EXISTS `users`;
CREATE TABLE `users` (
  `id` int(11) unsigned NOT NULL AUTO_INCREMENT,
  `ip_address` varchar(45) NOT NULL,
  `username` varchar(100) DEFAULT NULL,
  `password` varchar(255) NOT NULL,
  `salt` varchar(255) DEFAULT NULL,
  `email` varchar(100) NOT NULL,
  `activation_code` varchar(40) DEFAULT NULL,
  `forgotten_password_code` varchar(40) DEFAULT NULL,
  `forgotten_password_time` int(11) unsigned DEFAULT NULL,
  `remember_code` varchar(40) DEFAULT NULL,
  `created_on` int(11) unsigned NOT NULL,
  `last_login` int(11) unsigned DEFAULT NULL,
  `active` tinyint(1) unsigned DEFAULT NULL,
  `first_name` varchar(50) DEFAULT NULL,
  `last_name` varchar(50) DEFAULT NULL,
  `company` varchar(100) DEFAULT NULL,
  `phone` varchar(20) DEFAULT NULL,
  `photo` varchar(100) DEFAULT 'avatar.png',
  PRIMARY KEY (`id`)
) ENGINE=InnoDB AUTO_INCREMENT=5 DEFAULT CHARSET=utf8;

-- ----------------------------
-- Records of users
-- ----------------------------
INSERT INTO `users` VALUES ('1', '127.0.0.1', 'administrator', '$2a$07$SeBknntpZror9uyftVopmu61qg0ms8Qv1yV6FG.kQOSM.9QhmTo36', '', 'admin@website.com', '', null, null, 'WvINa8SYKMgHjbFoArAy.O', '1268889823', '1527787690', '1', 'Admin', 'Berdikari', 'ADMIN', '0', 'ava_profile.png');
INSERT INTO `users` VALUES ('2', '127.0.0.1', 'editor@website.com', '$2y$08$.nYossEdkfhir6akt6bv1eTUMpyBZcNySV9PNFLlp7fPZncQ9uObe', null, 'editor@website.com', null, null, null, null, '1522130021', '1526059452', '1', 'Nawang', 'Sewu', '78', '9897', '1525895948.jpg');
INSERT INTO `users` VALUES ('3', '127.0.0.1', 'contributor@website.com', '$2y$08$bZ9fBKreklZ0nLUqlAlGv.tmCRRZC0FlGUwCW1xAvLYDsrEwWVfYW', null, 'contributor@website.com', null, '6sF0gZHoJ8LZf9YBiFaXAO05f75106a14eee9d01', '1525237275', null, '1524567110', '1525888775', '1', 'Contributor', 'Firsts', '-', '09809', '1525266257.png');
INSERT INTO `users` VALUES ('4', '127.0.0.1', 'author@website.com', '$2y$08$wqEwOHP.NPdn6IjlTM2y9.POfl.B7dXIemKZBSpT9EfgW34Y0HlSW', null, 'author@website.com', null, '0nHvXZ5GyzGxdDnW76hpfe1571046604634a26ef', '1525236732', null, '1524567463', '1525888754', '1', 'Author', 'Coy', 's', 'fhfh', null);

-- ----------------------------
-- Table structure for `users_groups`
-- ----------------------------
DROP TABLE IF EXISTS `users_groups`;
CREATE TABLE `users_groups` (
  `id` int(11) unsigned NOT NULL AUTO_INCREMENT,
  `user_id` int(11) unsigned NOT NULL,
  `group_id` mediumint(8) unsigned NOT NULL,
  PRIMARY KEY (`id`),
  UNIQUE KEY `uc_users_groups` (`user_id`,`group_id`),
  KEY `fk_users_groups_users1_idx` (`user_id`),
  KEY `fk_users_groups_groups1_idx` (`group_id`),
  CONSTRAINT `users_groups_ibfk_1` FOREIGN KEY (`group_id`) REFERENCES `groups` (`id`) ON DELETE CASCADE ON UPDATE NO ACTION,
  CONSTRAINT `users_groups_ibfk_2` FOREIGN KEY (`user_id`) REFERENCES `users` (`id`) ON DELETE CASCADE ON UPDATE NO ACTION
) ENGINE=InnoDB AUTO_INCREMENT=33 DEFAULT CHARSET=utf8;

-- ----------------------------
-- Records of users_groups
-- ----------------------------
INSERT INTO `users_groups` VALUES ('23', '1', '1');
INSERT INTO `users_groups` VALUES ('24', '1', '2');
INSERT INTO `users_groups` VALUES ('25', '1', '3');
INSERT INTO `users_groups` VALUES ('26', '1', '4');
INSERT INTO `users_groups` VALUES ('30', '2', '2');
INSERT INTO `users_groups` VALUES ('31', '2', '3');
INSERT INTO `users_groups` VALUES ('32', '2', '4');
INSERT INTO `users_groups` VALUES ('28', '3', '2');
INSERT INTO `users_groups` VALUES ('29', '4', '4');
